,destination_port,flow_duration,total_fwd_packets,total_backward_packets,total_length_of_fwd_packets,total_length_of_bwd_packets,fwd_packet_length_max,fwd_packet_length_min,fwd_packet_length_mean,fwd_packet_length_std,bwd_packet_length_max,bwd_packet_length_min,bwd_packet_length_mean,bwd_packet_length_std,flow_bytes_per_sec,flow_packets_per_sec,flow_iat_mean,flow_iat_std,flow_iat_max,flow_iat_min,fwd_iat_total,fwd_iat_mean,fwd_iat_std,fwd_iat_max,fwd_iat_min,bwd_iat_total,bwd_iat_mean,bwd_iat_std,bwd_iat_max,bwd_iat_min,fwd_psh_flags,bwd_psh_flags,fwd_urg_flags,bwd_urg_flags,bwd_header_length,fwd_packets_per_sec,bwd_packets_per_sec,min_packet_length,max_packet_length,packet_length_mean,packet_length_std,packet_length_variance,fin_flag_count,syn_flag_count,rst_flag_count,psh_flag_count,ack_flag_count,urg_flag_count,cwe_flag_count,ece_flag_count,down_up_ratio,average_packet_size,avg_fwd_segment_size,avg_bwd_segment_size,fwd_header_length,fwd_avg_bytes_per_bulk,fwd_avg_packets_per_bulk,fwd_avg_bulk_rate,bwd_avg_bytes_per_bulk,bwd_avg_packets_per_bulk,bwd_avg_bulk_rate,subflow_fwd_packets,subflow_fwd_bytes,subflow_bwd_packets,subflow_bwd_bytes,init_win_bytes_forward,init_win_bytes_backward,act_data_pkt_fwd,min_seg_size_forward,active_mean,active_std,active_max,active_min,idle_mean,idle_std,idle_max,idle_min
610192,80.0,97377.0,4.0,5.0,431.0,2267.0,431.0,0.0,107.75,215.5,1448.0,0.0,453.4,659.4708485,27706.748,92.4242891,12172.125,21971.99339,52376.0,4.0,96513.0,32171.0,27102.94604,52419.0,1381.0,45001.0,11250.25,21884.77901,44071.0,4.0,0.0,0.0,0.0,0.0,168.0,41.07746182,51.34682728,0.0,1448.0,269.8,497.2486076,247256.1778,0.0,0.0,0.0,1.0,0.0,0.0,0.0,0.0,1.0,299.7777778,107.75,453.4,136.0,0.0,0.0,0.0,0.0,0.0,0.0,4.0,431.0,5.0,2267.0,29200.0,235.0,1.0,32.0,0.0,0.0,0.0,0.0,0.0,0.0,0.0,0.0
233155,443.0,10269373.0,20.0,27.0,1263.0,38878.0,515.0,0.0,63.15,148.8157727,2896.0,0.0,1439.925926,840.3871327,3908.807286,4.576715638,223247.2391,1474119.117,10000000.0,1.0,10300000.0,540493.3158,2291681.732,10000000.0,98.0,10200000.0,393624.8846,1966645.786,10000000.0,1.0,0.0,0.0,0.0,0.0,872.0,1.947538569,2.629177069,0.0,2896.0,836.2708333,937.1271341,878207.2655,0.0,0.0,0.0,1.0,0.0,0.0,0.0,0.0,1.0,854.0638298,63.15,1439.925926,648.0,0.0,0.0,0.0,0.0,0.0,0.0,20.0,1263.0,27.0,38878.0,29200.0,63.0,4.0,32.0,218555.0,0.0,218555.0,218555.0,10000000.0,0.0,10000000.0,10000000.0
641570,50274.0,1021.0,2.0,1.0,12.0,6.0,6.0,6.0,6.0,0.0,6.0,6.0,6.0,0.0,17629.77473,2938.295788,510.5,644.1742777,966.0,55.0,1021.0,1021.0,0.0,1021.0,1021.0,0.0,0.0,0.0,0.0,0.0,0.0,0.0,0.0,0.0,20.0,1958.863859,979.4319295,6.0,6.0,6.0,0.0,0.0,0.0,0.0,0.0,0.0,1.0,1.0,0.0,0.0,0.0,8.0,6.0,6.0,40.0,0.0,0.0,0.0,0.0,0.0,0.0,2.0,12.0,1.0,6.0,351.0,257.0,1.0,20.0,0.0,0.0,0.0,0.0,0.0,0.0,0.0,0.0
481968,80.0,100015721.0,9.0,6.0,306.0,11595.0,306.0,0.0,34.0,102.0,7240.0,0.0,1932.5,2695.639126,118.9912934,0.149976422,7143980.071,26700000.0,99900000.0,1.0,99900000.0,12500000.0,35300000.0,99900000.0,1.0,89485.0,17897.0,33958.52933,78047.0,70.0,0.0,0.0,0.0,0.0,200.0,0.089985853,0.059990569,0.0,7240.0,743.8125,1825.398814,3332080.829,0.0,0.0,0.0,0.0,1.0,0.0,0.0,0.0,0.0,793.4,34.0,1932.5,296.0,0.0,0.0,0.0,0.0,0.0,0.0,9.0,306.0,6.0,11595.0,251.0,235.0,1.0,32.0,1984.0,0.0,1984.0,1984.0,99900000.0,0.0,99900000.0,99900000.0
649777,80.0,85330032.0,7.0,6.0,331.0,11595.0,325.0,0.0,47.28571429,122.4809023,5792.0,0.0,1932.5,2181.008184,139.7632196,0.152349644,7110836.0,24600000.0,85200000.0,1.0,85200000.0,14200000.0,34800000.0,85200000.0,1.0,150414.0,30082.8,59577.63983,136112.0,45.0,0.0,0.0,0.0,0.0,200.0,0.082034424,0.07031522,0.0,5792.0,851.8571429,1667.280921,2779825.67,0.0,0.0,0.0,0.0,1.0,0.0,0.0,0.0,0.0,917.3846154,47.28571429,1932.5,220.0,0.0,0.0,0.0,0.0,0.0,0.0,7.0,331.0,6.0,11595.0,274.0,235.0,2.0,20.0,5.0,0.0,5.0,5.0,85200000.0,0.0,85200000.0,85200000.0
341584,42717.0,4.0,2.0,0.0,0.0,0.0,0.0,0.0,0.0,0.0,0.0,0.0,0.0,0.0,0.0,500000.0,4.0,0.0,4.0,4.0,4.0,4.0,0.0,4.0,4.0,0.0,0.0,0.0,0.0,0.0,0.0,0.0,0.0,0.0,0.0,500000.0,0.0,0.0,0.0,0.0,0.0,0.0,0.0,0.0,0.0,0.0,1.0,0.0,0.0,0.0,0.0,0.0,0.0,0.0,64.0,0.0,0.0,0.0,0.0,0.0,0.0,2.0,0.0,0.0,0.0,5404.0,-1.0,0.0,32.0,0.0,0.0,0.0,0.0,0.0,0.0,0.0,0.0
751091,80.0,99884779.0,8.0,6.0,368.0,11595.0,368.0,0.0,46.0,130.1076477,5792.0,0.0,1932.5,2181.008184,119.7679979,0.140161495,7683444.538,27700000.0,99700000.0,1.0,99800000.0,14300000.0,37700000.0,99700000.0,1.0,143514.0,28702.8,58060.84562,132221.0,46.0,0.0,0.0,0.0,0.0,200.0,0.080092283,0.060069212,0.0,5792.0,797.5333333,1620.975318,2627560.981,0.0,0.0,0.0,0.0,1.0,0.0,0.0,0.0,0.0,854.5,46.0,1932.5,264.0,0.0,0.0,0.0,0.0,0.0,0.0,8.0,368.0,6.0,11595.0,274.0,235.0,1.0,32.0,1013.0,0.0,1013.0,1013.0,99700000.0,0.0,99700000.0,99700000.0
728764,443.0,60846182.0,15.0,13.0,1286.0,4013.0,883.0,0.0,85.73333333,228.3839082,1615.0,0.0,308.6923077,576.123451,87.08845528,0.460176778,2253562.296,4223644.887,10000000.0,4.0,60800000.0,4346155.857,5151991.615,10100000.0,124.0,60800000.0,5063383.5,5240657.354,10100000.0,4.0,0.0,0.0,0.0,0.0,332.0,0.246523274,0.213653504,0.0,1615.0,182.7241379,426.5320199,181929.564,0.0,0.0,0.0,1.0,0.0,0.0,0.0,0.0,0.0,189.25,85.73333333,308.6923077,312.0,0.0,0.0,0.0,0.0,0.0,0.0,15.0,1286.0,13.0,4013.0,8192.0,117.0,14.0,20.0,131590.5,112637.0918,361510.0,85595.0,10000000.0,5017.486369,10000000.0,10000000.0
644093,53.0,97798.0,2.0,2.0,104.0,154.0,52.0,52.0,52.0,0.0,77.0,77.0,77.0,0.0,2638.090759,40.90063191,32599.33333,56459.37152,97793.0,1.0,1.0,1.0,0.0,1.0,1.0,4.0,4.0,0.0,4.0,4.0,0.0,0.0,0.0,0.0,40.0,20.45031596,20.45031596,52.0,77.0,62.0,13.69306394,187.5,0.0,0.0,0.0,0.0,0.0,0.0,0.0,0.0,1.0,77.5,52.0,77.0,80.0,0.0,0.0,0.0,0.0,0.0,0.0,2.0,104.0,2.0,154.0,-1.0,-1.0,1.0,40.0,0.0,0.0,0.0,0.0,0.0,0.0,0.0,0.0
9420,443.0,5319060.0,7.0,4.0,635.0,159.0,517.0,0.0,90.71428571,190.7072051,159.0,0.0,39.75,79.5,149.2744959,2.068034578,531906.0,1643164.562,5208076.0,2.0,5319060.0,886510.0,2148200.556,5271444.0,2.0,87805.0,29268.33333,31956.73998,63692.0,546.0,0.0,0.0,0.0,0.0,136.0,1.316022004,0.752012574,0.0,517.0,66.16666667,150.3219777,22596.69697,0.0,0.0,0.0,1.0,0.0,0.0,0.0,0.0,0.0,72.18181818,90.71428571,39.75,232.0,0.0,0.0,0.0,0.0,0.0,0.0,7.0,635.0,4.0,159.0,29200.0,939.0,3.0,32.0,110982.0,0.0,110982.0,110982.0,5208076.0,0.0,5208076.0,5208076.0
661968,53.0,24857.0,2.0,2.0,78.0,282.0,39.0,39.0,39.0,0.0,141.0,141.0,141.0,0.0,14482.84186,160.9204651,8285.666667,14347.73157,24853.0,1.0,1.0,1.0,0.0,1.0,1.0,3.0,3.0,0.0,3.0,3.0,0.0,0.0,0.0,0.0,64.0,80.46023253,80.46023253,39.0,141.0,79.8,55.86770087,3121.2,0.0,0.0,0.0,0.0,0.0,0.0,0.0,0.0,1.0,99.75,39.0,141.0,64.0,0.0,0.0,0.0,0.0,0.0,0.0,2.0,78.0,2.0,282.0,-1.0,-1.0,1.0,32.0,0.0,0.0,0.0,0.0,0.0,0.0,0.0,0.0
163897,80.0,40760093.0,9.0,7.0,466.0,1780.0,424.0,0.0,51.77777778,139.5974371,1774.0,0.0,254.2857143,670.1347412,55.10291647,0.392540812,2717339.533,4548479.106,10000000.0,40.0,40800000.0,5095011.625,5266744.523,10000000.0,169.0,40100000.0,6686555.0,5169992.216,10000000.0,978.0,0.0,0.0,0.0,0.0,200.0,0.220804207,0.171736605,0.0,1774.0,132.1176471,435.2013733,189400.2353,0.0,0.0,0.0,1.0,0.0,0.0,0.0,0.0,0.0,140.375,51.77777778,254.2857143,192.0,0.0,0.0,0.0,0.0,0.0,0.0,9.0,466.0,7.0,1780.0,8192.0,946.0,8.0,20.0,29532.0,11952.41794,47433.0,22919.0,10000000.0,332.895379,10000000.0,9999944.0
131401,443.0,115443315.0,22.0,21.0,1228.0,10185.0,518.0,0.0,55.81818182,153.4171519,1976.0,0.0,485.0,733.7637222,98.86237241,0.372477176,2748650.357,4447215.39,10000000.0,4.0,115000000.0,5497300.714,4992193.936,10000000.0,4.0,111000000.0,5529504.3,5122025.401,10000000.0,50.0,0.0,0.0,0.0,0.0,680.0,0.190569718,0.181907458,0.0,1976.0,259.3863636,556.3659167,309543.0333,0.0,0.0,0.0,1.0,0.0,0.0,0.0,0.0,0.0,265.4186047,55.81818182,485.0,712.0,0.0,0.0,0.0,0.0,0.0,0.0,22.0,1228.0,21.0,10185.0,29200.0,290.0,4.0,32.0,31581.81818,27937.81423,115817.0,22992.0,10000000.0,7949.22062,10000000.0,9998385.0
565586,443.0,118229154.0,25.0,36.0,945.0,35286.0,221.0,0.0,37.8,62.95567224,1430.0,0.0,980.1666667,628.6517319,306.4472575,0.515947192,1970485.9,10600000.0,58800000.0,1.0,118000000.0,4926214.75,16600000.0,58800000.0,4.0,118000000.0,3371284.286,13900000.0,59000000.0,1.0,0.0,0.0,0.0,0.0,732.0,0.211453767,0.304493425,0.0,1430.0,584.3709677,669.9249342,448799.4175,0.0,0.0,0.0,1.0,0.0,0.0,0.0,0.0,1.0,593.9508197,37.8,980.1666667,512.0,0.0,0.0,0.0,0.0,0.0,0.0,25.0,945.0,36.0,35286.0,8192.0,360.0,24.0,20.0,292237.5,88345.21413,354707.0,229768.0,58700000.0,133928.1457,58800000.0,58600000.0
615722,80.0,117936023.0,17.0,15.0,870.0,1492.0,435.0,0.0,51.17647059,144.4659282,746.0,0.0,99.46666667,262.4918684,20.02780779,0.271333552,3804387.839,4904944.357,10200000.0,22.0,118000000.0,7368731.313,4536647.78,10200000.0,351.0,118000000.0,8421394.714,3785612.024,10300000.0,20213.0,0.0,0.0,0.0,0.0,488.0,0.144145949,0.127187602,0.0,746.0,71.57575758,203.2870554,41325.62689,0.0,0.0,0.0,1.0,0.0,0.0,0.0,0.0,0.0,73.8125,51.17647059,99.46666667,552.0,0.0,0.0,0.0,0.0,0.0,0.0,17.0,870.0,15.0,1492.0,29200.0,349.0,2.0,32.0,42844.16667,17065.86049,93674.0,36010.0,9782130.917,1418285.649,10200000.0,5281512.0
131643,53.0,48579.0,1.0,1.0,46.0,97.0,46.0,46.0,46.0,0.0,97.0,97.0,97.0,0.0,2943.658783,41.1700529,48579.0,0.0,48579.0,48579.0,0.0,0.0,0.0,0.0,0.0,0.0,0.0,0.0,0.0,0.0,0.0,0.0,0.0,0.0,20.0,20.58502645,20.58502645,46.0,97.0,63.0,29.44486373,867.0,0.0,0.0,0.0,0.0,0.0,0.0,0.0,0.0,1.0,94.5,46.0,97.0,32.0,0.0,0.0,0.0,0.0,0.0,0.0,1.0,46.0,1.0,97.0,-1.0,-1.0,0.0,32.0,0.0,0.0,0.0,0.0,0.0,0.0,0.0,0.0
50263,53.0,107710412.0,2.0,2.0,96.0,128.0,52.0,44.0,48.0,5.656854249,68.0,60.0,64.0,5.656854249,2.079650387,0.037136614,35900000.0,62100000.0,108000000.0,31497.0,108000000.0,108000000.0,0.0,108000000.0,108000000.0,108000000.0,108000000.0,0.0,108000000.0,108000000.0,0.0,0.0,0.0,0.0,52.0,0.018568307,0.018568307,44.0,68.0,53.6,10.43072385,108.8,0.0,0.0,0.0,0.0,0.0,0.0,0.0,0.0,1.0,67.0,48.0,64.0,52.0,0.0,0.0,0.0,0.0,0.0,0.0,2.0,96.0,2.0,128.0,-1.0,-1.0,1.0,20.0,49492.0,0.0,49492.0,49492.0,108000000.0,0.0,108000000.0,108000000.0
569752,61597.0,22451970.0,1.0,6.0,1375.0,30.0,1375.0,1375.0,1375.0,0.0,6.0,0.0,5.0,2.449489743,62.57802767,0.31177665,3741995.0,9153899.0,22400000.0,3.0,0.0,0.0,0.0,0.0,0.0,22400000.0,4486478.4,10000000.0,22400000.0,3.0,1.0,0.0,0.0,0.0,132.0,0.044539521,0.267237129,0.0,1375.0,347.5,634.1901472,402197.1429,0.0,1.0,0.0,0.0,1.0,1.0,0.0,0.0,6.0,397.1428571,1375.0,5.0,20.0,0.0,0.0,0.0,0.0,0.0,0.0,1.0,1375.0,6.0,30.0,229.0,0.0,0.0,20.0,24663.0,0.0,24663.0,24663.0,22400000.0,0.0,22400000.0,22400000.0
14063,80.0,809.0,5.0,0.0,0.0,0.0,0.0,0.0,0.0,0.0,0.0,0.0,0.0,0.0,0.0,6180.469716,202.25,144.4469337,338.0,3.0,809.0,202.25,144.4469337,338.0,3.0,0.0,0.0,0.0,0.0,0.0,0.0,0.0,0.0,0.0,0.0,6180.469716,0.0,0.0,0.0,0.0,0.0,0.0,0.0,0.0,0.0,0.0,1.0,0.0,0.0,0.0,0.0,0.0,0.0,0.0,160.0,0.0,0.0,0.0,0.0,0.0,0.0,5.0,0.0,0.0,0.0,251.0,-1.0,0.0,32.0,0.0,0.0,0.0,0.0,0.0,0.0,0.0,0.0
711043,80.0,115760489.0,16.0,15.0,464.0,1991.0,380.0,0.0,29.0,93.61196505,1460.0,0.0,132.7333333,391.2424288,21.20758146,0.267794308,3858682.967,4853171.304,10000000.0,19.0,116000000.0,7717365.933,4149702.171,10000000.0,191.0,110000000.0,7880161.357,4260380.432,10000000.0,151.0,0.0,0.0,0.0,0.0,444.0,0.138216417,0.129577891,0.0,1460.0,76.71875,276.1381415,76252.27319,0.0,0.0,0.0,1.0,0.0,0.0,0.0,0.0,0.0,79.19354839,29.0,132.7333333,332.0,0.0,0.0,0.0,0.0,0.0,0.0,16.0,464.0,15.0,1991.0,8192.0,119.0,15.0,20.0,27547.81818,17177.01044,79315.0,21942.0,10000000.0,3897.662208,10000000.0,9999423.0
740861,53.0,162648.0,4.0,2.0,144.0,286.0,36.0,36.0,36.0,0.0,143.0,143.0,143.0,0.0,2643.746004,36.88947912,32529.6,56944.32546,131512.0,3.0,31088.0,10362.66667,17943.46902,31082.0,3.0,48.0,48.0,0.0,48.0,48.0,0.0,0.0,0.0,0.0,64.0,24.59298608,12.29649304,36.0,143.0,66.57142857,52.2106539,2725.952381,0.0,0.0,0.0,0.0,0.0,0.0,0.0,0.0,0.0,77.66666667,36.0,143.0,80.0,0.0,0.0,0.0,0.0,0.0,0.0,4.0,144.0,2.0,286.0,-1.0,-1.0,3.0,20.0,0.0,0.0,0.0,0.0,0.0,0.0,0.0,0.0
608806,53.0,71402.0,2.0,2.0,60.0,260.0,30.0,30.0,30.0,0.0,130.0,130.0,130.0,0.0,4481.667180191,56.0208397524,23800.6666666667,41218.767768255,71396.0,3.0,3.0,3.0,0.0,3.0,3.0,3.0,3.0,0.0,3.0,3.0,0.0,0.0,0.0,0.0,64.0,28.0104198762,28.0104198762,30.0,130.0,70.0,54.7722557505,3000.0,0.0,0.0,0.0,0.0,0.0,0.0,0.0,0.0,1.0,87.5,30.0,130.0,64.0,0.0,0.0,0.0,0.0,0.0,0.0,2.0,60.0,2.0,260.0,-1.0,-1.0,1.0,32.0,0.0,0.0,0.0,0.0,0.0,0.0,0.0,0.0
192432,443.0,60903835.0,17.0,15.0,1138.0,5534.0,420.0,0.0,66.94117647,141.1353387,1448.0,0.0,368.9333333,565.9153731,109.5497517,0.525418473,1964639.839,4009924.677,10000000.0,8.0,60900000.0,3806489.688,5002118.382,10100000.0,225.0,60900000.0,4346606.143,5146965.119,10100000.0,48.0,0.0,0.0,0.0,0.0,488.0,0.279128564,0.246289909,0.0,1448.0,202.1818182,417.2547524,174101.5284,0.0,0.0,0.0,1.0,0.0,0.0,0.0,0.0,0.0,208.5,66.94117647,368.9333333,552.0,0.0,0.0,0.0,0.0,0.0,0.0,17.0,1138.0,15.0,5534.0,29200.0,126.0,4.0,32.0,94625.5,107562.7302,314187.0,50686.0,10000000.0,27820.74723,10000000.0,9959989.0
265099,55680.0,53.0,1.0,1.0,6.0,6.0,6.0,6.0,6.0,0.0,6.0,6.0,6.0,0.0,226415.0943,37735.84906,53.0,0.0,53.0,53.0,0.0,0.0,0.0,0.0,0.0,0.0,0.0,0.0,0.0,0.0,0.0,0.0,0.0,0.0,20.0,18867.92453,18867.92453,6.0,6.0,6.0,0.0,0.0,0.0,0.0,0.0,0.0,1.0,1.0,0.0,0.0,1.0,9.0,6.0,6.0,20.0,0.0,0.0,0.0,0.0,0.0,0.0,1.0,6.0,1.0,6.0,30.0,255.0,0.0,20.0,0.0,0.0,0.0,0.0,0.0,0.0,0.0,0.0
345888,64422.0,92.0,1.0,1.0,0.0,0.0,0.0,0.0,0.0,0.0,0.0,0.0,0.0,0.0,0.0,21739.13043,92.0,0.0,92.0,92.0,0.0,0.0,0.0,0.0,0.0,0.0,0.0,0.0,0.0,0.0,0.0,0.0,0.0,0.0,32.0,10869.56522,10869.56522,0.0,0.0,0.0,0.0,0.0,0.0,0.0,0.0,0.0,1.0,0.0,0.0,0.0,1.0,0.0,0.0,0.0,32.0,0.0,0.0,0.0,0.0,0.0,0.0,1.0,0.0,1.0,0.0,122.0,33304.0,0.0,32.0,0.0,0.0,0.0,0.0,0.0,0.0,0.0,0.0
507060,49050.0,184.0,2.0,0.0,0.0,0.0,0.0,0.0,0.0,0.0,0.0,0.0,0.0,0.0,0.0,10869.56522,184.0,0.0,184.0,184.0,184.0,184.0,0.0,184.0,184.0,0.0,0.0,0.0,0.0,0.0,0.0,0.0,0.0,0.0,0.0,10869.56522,0.0,0.0,0.0,0.0,0.0,0.0,0.0,0.0,0.0,0.0,1.0,0.0,0.0,0.0,0.0,0.0,0.0,0.0,64.0,0.0,0.0,0.0,0.0,0.0,0.0,2.0,0.0,0.0,0.0,340.0,-1.0,0.0,32.0,0.0,0.0,0.0,0.0,0.0,0.0,0.0,0.0
285429,53.0,96224.0,1.0,1.0,67.0,251.0,67.0,67.0,67.0,0.0,251.0,251.0,251.0,0.0,3304.788826,20.78483538,96224.0,0.0,96224.0,96224.0,0.0,0.0,0.0,0.0,0.0,0.0,0.0,0.0,0.0,0.0,0.0,0.0,0.0,0.0,32.0,10.39241769,10.39241769,67.0,251.0,128.3333333,106.2324495,11285.33333,0.0,0.0,0.0,0.0,0.0,0.0,0.0,0.0,1.0,192.5,67.0,251.0,20.0,0.0,0.0,0.0,0.0,0.0,0.0,1.0,67.0,1.0,251.0,-1.0,-1.0,0.0,20.0,0.0,0.0,0.0,0.0,0.0,0.0,0.0,0.0
240624,3659.0,57.0,1.0,1.0,2.0,6.0,2.0,2.0,2.0,0.0,6.0,6.0,6.0,0.0,140350.8772,35087.7193,57.0,0.0,57.0,57.0,0.0,0.0,0.0,0.0,0.0,0.0,0.0,0.0,0.0,0.0,0.0,0.0,0.0,0.0,20.0,17543.85965,17543.85965,2.0,6.0,3.333333333,2.309401077,5.333333333,0.0,0.0,0.0,1.0,0.0,0.0,0.0,0.0,1.0,5.0,2.0,6.0,24.0,0.0,0.0,0.0,0.0,0.0,0.0,1.0,2.0,1.0,6.0,1024.0,0.0,0.0,24.0,0.0,0.0,0.0,0.0,0.0,0.0,0.0,0.0
658378,443.0,515947.0,7.0,8.0,731.0,3933.0,346.0,0.0,104.4285714,139.9712556,1448.0,0.0,491.625,610.3017842,9039.688185,29.0727536,36853.35714,56207.81729,123251.0,3.0,393387.0,65564.5,70218.04515,138638.0,224.0,394511.0,56358.71429,68391.99139,137944.0,3.0,0.0,0.0,0.0,0.0,264.0,13.56728501,15.50546858,0.0,1448.0,291.5,474.3537358,225011.4667,0.0,0.0,0.0,1.0,0.0,0.0,0.0,0.0,1.0,310.9333333,104.4285714,491.625,232.0,0.0,0.0,0.0,0.0,0.0,0.0,7.0,731.0,8.0,3933.0,29200.0,30.0,3.0,32.0,0.0,0.0,0.0,0.0,0.0,0.0,0.0,0.0
427281,1117.0,76.0,1.0,1.0,0.0,6.0,0.0,0.0,0.0,0.0,6.0,6.0,6.0,0.0,78947.36842,26315.78947,76.0,0.0,76.0,76.0,0.0,0.0,0.0,0.0,0.0,0.0,0.0,0.0,0.0,0.0,0.0,0.0,0.0,0.0,20.0,13157.89474,13157.89474,0.0,6.0,2.0,3.464101615,12.0,0.0,0.0,0.0,1.0,0.0,0.0,0.0,0.0,1.0,3.0,0.0,6.0,40.0,0.0,0.0,0.0,0.0,0.0,0.0,1.0,0.0,1.0,6.0,29200.0,0.0,0.0,40.0,0.0,0.0,0.0,0.0,0.0,0.0,0.0,0.0
34087,22.0,14077184.0,26.0,35.0,2232.0,2873.0,640.0,0.0,85.84615385,129.2649039,976.0,0.0,82.08571429,210.8465251,362.6435514,4.333253014,234619.7333,646320.8261,2476702.0,1.0,11700000.0,468747.56,878804.3043,2539672.0,1.0,14100000.0,414032.8824,818795.8427,2476702.0,3.0,0.0,0.0,0.0,0.0,1152.0,1.846960301,2.486292713,0.0,976.0,82.33870968,178.1668902,31743.44077,0.0,0.0,0.0,1.0,0.0,0.0,0.0,0.0,1.0,83.68852459,85.84615385,82.08571429,864.0,0.0,0.0,0.0,0.0,0.0,0.0,26.0,2232.0,35.0,2873.0,29200.0,247.0,18.0,32.0,0.0,0.0,0.0,0.0,0.0,0.0,0.0,0.0
476649,1865.0,24.0,1.0,1.0,6.0,6.0,6.0,6.0,6.0,0.0,6.0,6.0,6.0,0.0,500000.0,83333.33333,24.0,0.0,24.0,24.0,0.0,0.0,0.0,0.0,0.0,0.0,0.0,0.0,0.0,0.0,0.0,0.0,0.0,0.0,20.0,41666.66667,41666.66667,6.0,6.0,6.0,0.0,0.0,0.0,0.0,0.0,0.0,1.0,1.0,0.0,0.0,1.0,9.0,6.0,6.0,20.0,0.0,0.0,0.0,0.0,0.0,0.0,1.0,6.0,1.0,6.0,119.0,255.0,0.0,20.0,0.0,0.0,0.0,0.0,0.0,0.0,0.0,0.0
156487,443.0,53625.0,1.0,3.0,6.0,18.0,6.0,6.0,6.0,0.0,6.0,6.0,6.0,0.0,447.5524476,74.59207459,17875.0,30716.49902,53343.0,3.0,0.0,0.0,0.0,0.0,0.0,282.0,141.0,195.1614716,279.0,3.0,0.0,0.0,0.0,0.0,60.0,18.64801865,55.94405594,6.0,6.0,6.0,0.0,0.0,0.0,0.0,0.0,0.0,1.0,1.0,0.0,0.0,3.0,7.5,6.0,6.0,20.0,0.0,0.0,0.0,0.0,0.0,0.0,1.0,6.0,3.0,18.0,256.0,247.0,0.0,20.0,0.0,0.0,0.0,0.0,0.0,0.0,0.0,0.0
710811,53.0,24070.0,2.0,2.0,90.0,146.0,45.0,45.0,45.0,0.0,73.0,73.0,73.0,0.0,9804.736186,166.1819693,8023.333333,13891.62483,24064.0,3.0,3.0,3.0,0.0,3.0,3.0,3.0,3.0,0.0,3.0,3.0,0.0,0.0,0.0,0.0,40.0,83.09098463,83.09098463,45.0,73.0,56.2,15.33623161,235.2,0.0,0.0,0.0,0.0,0.0,0.0,0.0,0.0,1.0,70.25,45.0,73.0,64.0,0.0,0.0,0.0,0.0,0.0,0.0,2.0,90.0,2.0,146.0,-1.0,-1.0,1.0,32.0,0.0,0.0,0.0,0.0,0.0,0.0,0.0,0.0
484138,53.0,48379.0,1.0,1.0,72.0,159.0,72.0,72.0,72.0,0.0,159.0,159.0,159.0,0.0,4774.798983,41.34025094,48379.0,0.0,48379.0,48379.0,0.0,0.0,0.0,0.0,0.0,0.0,0.0,0.0,0.0,0.0,0.0,0.0,0.0,0.0,20.0,20.67012547,20.67012547,72.0,159.0,101.0,50.22947342,2523.0,0.0,0.0,0.0,0.0,0.0,0.0,0.0,0.0,1.0,151.5,72.0,159.0,20.0,0.0,0.0,0.0,0.0,0.0,0.0,1.0,72.0,1.0,159.0,-1.0,-1.0,0.0,20.0,0.0,0.0,0.0,0.0,0.0,0.0,0.0,0.0
494176,443.0,634080.0,13.0,12.0,829.0,10069.0,389.0,0.0,63.76923077,124.3604666,1605.0,0.0,839.0833333,731.6263898,17187.10573,39.42720161,26420.0,54415.72944,143959.0,1.0,634027.0,52835.58333,68982.03885,145907.0,1.0,490121.0,44556.45455,76398.24664,190703.0,2.0,0.0,0.0,0.0,0.0,392.0,20.50214484,18.92505678,0.0,1605.0,419.1538462,632.6860638,400291.6554,0.0,0.0,0.0,1.0,0.0,0.0,0.0,0.0,0.0,435.92,63.76923077,839.0833333,428.0,0.0,0.0,0.0,0.0,0.0,0.0,13.0,829.0,12.0,10069.0,65535.0,243.0,5.0,32.0,0.0,0.0,0.0,0.0,0.0,0.0,0.0,0.0
173303,443.0,5093439.0,8.0,8.0,698.0,3724.0,517.0,0.0,87.25,178.6335034965,1460.0,0.0,465.5,640.8848793437,868.1757060407,3.141296087,339562.6,1271271.09691475,4934537.0,3.0,5093439.0,727634.142857143,1855250.89248224,4934537.0,3.0,87744.0,12534.8571428571,19762.9126010361,43796.0,49.0,0.0,0.0,0.0,0.0,172.0,1.5706480435,1.5706480435,0.0,1460.0,260.1176470588,483.6505559742,233917.860294118,0.0,0.0,0.0,1.0,0.0,0.0,0.0,0.0,1.0,276.375,87.25,465.5,172.0,0.0,0.0,0.0,0.0,0.0,0.0,8.0,698.0,8.0,3724.0,8192.0,12501.0,7.0,20.0,0.0,0.0,0.0,0.0,0.0,0.0,0.0,0.0
648047,443.0,87920.0,4.0,1.0,24.0,0.0,6.0,6.0,6.0,0.0,0.0,0.0,0.0,0.0,272.9754322111,56.8698817106,21980.0,43905.3491274127,87838.0,1.0,87920.0,29306.6666666667,50758.9036163443,87918.0,1.0,0.0,0.0,0.0,0.0,0.0,0.0,0.0,0.0,0.0,44.0,45.4959053685,11.3739763421,0.0,6.0,5.0,2.4494897428,6.0,1.0,0.0,0.0,0.0,0.0,0.0,0.0,0.0,0.0,6.0,6.0,0.0,80.0,0.0,0.0,0.0,0.0,0.0,0.0,4.0,24.0,1.0,0.0,0.0,65.0,3.0,20.0,0.0,0.0,0.0,0.0,0.0,0.0,0.0,0.0
369776,53.0,48087.0,1.0,1.0,62.0,78.0,62.0,62.0,62.0,0.0,78.0,78.0,78.0,0.0,2911.3897727037,41.5912824672,48087.0,0.0,48087.0,48087.0,0.0,0.0,0.0,0.0,0.0,0.0,0.0,0.0,0.0,0.0,0.0,0.0,0.0,0.0,20.0,20.7956412336,20.7956412336,62.0,78.0,67.3333333333,9.237604307,85.3333333333,0.0,0.0,0.0,0.0,0.0,0.0,0.0,0.0,1.0,101.0,62.0,78.0,20.0,0.0,0.0,0.0,0.0,0.0,0.0,1.0,62.0,1.0,78.0,-1.0,-1.0,0.0,20.0,0.0,0.0,0.0,0.0,0.0,0.0,0.0,0.0
573739,443.0,30583975.0,14.0,14.0,743.0,12820.0,431.0,0.0,53.0714285714,123.0387457959,2896.0,0.0,915.7142857143,893.8117534187,443.4675348773,0.9155121269,1132739.81481482,3159088.7773719,10091722.0,3.0,20838423.0,1602955.61538462,3783137.56060045,10244011.0,182.0,30431552.0,2340888.61538461,4368550.51662934,10244243.0,3.0,0.0,0.0,0.0,0.0,456.0,0.4577560634,0.4577560634,0.0,2896.0,467.6896551724,756.3565912342,572075.293103448,0.0,0.0,0.0,1.0,0.0,0.0,0.0,0.0,1.0,484.3928571429,53.0714285714,915.7142857143,456.0,0.0,0.0,0.0,0.0,0.0,0.0,14.0,743.0,14.0,12820.0,29200.0,122.0,3.0,32.0,297423.666666667,251179.725498165,587461.0,152289.0,9897233.66666667,266837.677876145,10091722.0,9593028.0
284999,53.0,216.0,2.0,2.0,60.0,266.0,30.0,30.0,30.0,0.0,133.0,133.0,133.0,0.0,1509259.259,18518.51852,72.0,41.56921938,120.0,48.0,48.0,48.0,0.0,48.0,48.0,48.0,48.0,0.0,48.0,48.0,0.0,0.0,0.0,0.0,40.0,9259.259259,9259.259259,30.0,133.0,71.2,56.41542342,3182.7,0.0,0.0,0.0,0.0,0.0,0.0,0.0,0.0,1.0,89.0,30.0,133.0,40.0,0.0,0.0,0.0,0.0,0.0,0.0,2.0,60.0,2.0,266.0,-1.0,-1.0,1.0,20.0,0.0,0.0,0.0,0.0,0.0,0.0,0.0,0.0
613066,53.0,185.0,2.0,2.0,72.0,104.0,36.0,36.0,36.0,0.0,52.0,52.0,52.0,0.0,951351.3514,21621.62162,61.66666667,99.88159657,177.0,4.0,4.0,4.0,0.0,4.0,4.0,4.0,4.0,0.0,4.0,4.0,0.0,0.0,0.0,0.0,40.0,10810.81081,10810.81081,36.0,52.0,42.4,8.76356092,76.8,0.0,0.0,0.0,0.0,0.0,0.0,0.0,0.0,1.0,53.0,36.0,52.0,40.0,0.0,0.0,0.0,0.0,0.0,0.0,2.0,72.0,2.0,104.0,-1.0,-1.0,1.0,20.0,0.0,0.0,0.0,0.0,0.0,0.0,0.0,0.0
668982,53.0,147.0,2.0,2.0,62.0,94.0,31.0,31.0,31.0,0.0,47.0,47.0,47.0,0.0,1061224.48979592,27210.8843537415,49.0,78.8098978555,140.0,3.0,3.0,3.0,0.0,3.0,3.0,4.0,4.0,0.0,4.0,4.0,0.0,0.0,0.0,0.0,64.0,13605.4421768707,13605.4421768707,31.0,47.0,37.4,8.7635609201,76.8,0.0,0.0,0.0,0.0,0.0,0.0,0.0,0.0,1.0,46.75,31.0,47.0,64.0,0.0,0.0,0.0,0.0,0.0,0.0,2.0,62.0,2.0,94.0,-1.0,-1.0,1.0,32.0,0.0,0.0,0.0,0.0,0.0,0.0,0.0,0.0
423382,443.0,14282754.0,14.0,18.0,7933.0,15076.0,2519.0,0.0,566.6428571,925.6401201,3149.0,0.0,837.5555556,873.6109123,1610.963824,2.240464269,460734.0,1774017.838,9764735.0,3.0,4518016.0,347539.6923,584666.8583,1868428.0,192.0,14300000.0,838269.5882,2362672.422,9764741.0,3.0,0.0,0.0,0.0,0.0,364.0,0.980203118,1.260261151,0.0,3149.0,697.2424242,887.2741273,787255.3769,0.0,0.0,0.0,1.0,0.0,0.0,0.0,0.0,1.0,719.03125,566.6428571,837.5555556,292.0,0.0,0.0,0.0,0.0,0.0,0.0,14.0,7933.0,18.0,15076.0,8192.0,46720.0,6.0,20.0,4518016.0,0.0,4518016.0,4518016.0,9764735.0,0.0,9764735.0,9764735.0
507970,443.0,440830.0,13.0,8.0,1430.0,4048.0,949.0,0.0,110.0,263.427409356,1418.0,0.0,506.0,614.4519044296,12426.5589909943,47.637411247,22041.5,54116.3359940513,239453.0,3.0,440830.0,36735.8333333333,66881.4995507092,239453.0,3.0,402243.0,57463.2857142857,108319.268297803,296042.0,3.0,0.0,0.0,0.0,0.0,264.0,29.48982601,18.1475852369,0.0,1418.0,249.0,453.4078370151,205578.666666667,0.0,0.0,0.0,1.0,0.0,0.0,0.0,0.0,0.0,260.8571428571,110.0,506.0,428.0,0.0,0.0,0.0,0.0,0.0,0.0,13.0,1430.0,8.0,4048.0,65535.0,362.0,6.0,32.0,0.0,0.0,0.0,0.0,0.0,0.0,0.0,0.0
753556,443.0,115489478.0,25.0,21.0,771.0,5458.0,316.0,0.0,30.84,72.2609161304,1460.0,0.0,259.9047619048,514.2381651299,53.9356494451,0.3983046837,2566432.84444444,4346582.56300699,10032026.0,2.0,115489478.0,4812061.58333333,5001352.19806633,10048001.0,2.0,110462483.0,5523124.15,5109389.55447311,10048892.0,2.0,0.0,0.0,0.0,0.0,432.0,0.2164699368,0.1818347469,0.0,1460.0,132.5319148936,362.0873574071,131107.25439408,0.0,0.0,0.0,1.0,0.0,0.0,0.0,0.0,0.0,135.4130434783,30.84,259.9047619048,520.0,0.0,0.0,0.0,0.0,0.0,0.0,25.0,771.0,21.0,5458.0,29200.0,2560.0,24.0,20.0,29236.0833333333,45738.9013909054,174470.0,15510.0,9594886.83333333,1443770.02460243,10032026.0,5010554.0
216636,53.0,211.0,2.0,2.0,82.0,206.0,41.0,41.0,41.0,0.0,103.0,103.0,103.0,0.0,1364928.91,18957.34597,70.33333333,37.81974793,114.0,48.0,48.0,48.0,0.0,48.0,48.0,49.0,49.0,0.0,49.0,49.0,0.0,0.0,0.0,0.0,64.0,9478.672986,9478.672986,41.0,103.0,65.8,33.95879857,1153.2,0.0,0.0,0.0,0.0,0.0,0.0,0.0,0.0,1.0,82.25,41.0,103.0,64.0,0.0,0.0,0.0,0.0,0.0,0.0,2.0,82.0,2.0,206.0,-1.0,-1.0,1.0,32.0,0.0,0.0,0.0,0.0,0.0,0.0,0.0,0.0
282272,80.0,99202641.0,6.0,6.0,348.0,11595.0,348.0,0.0,58.0,142.0704051,5792.0,0.0,1932.5,2181.008184,120.38994,0.120964521,9018421.909,29900000.0,99000000.0,2.0,99100000.0,19800000.0,44300000.0,99000000.0,2.0,161396.0,32279.2,64990.4673,148107.0,46.0,0.0,0.0,0.0,0.0,200.0,0.060482261,0.060482261,0.0,5792.0,918.6923077,1716.111952,2945040.231,0.0,0.0,0.0,0.0,1.0,0.0,0.0,0.0,1.0,995.25,58.0,1932.5,200.0,0.0,0.0,0.0,0.0,0.0,0.0,6.0,348.0,6.0,11595.0,274.0,235.0,1.0,32.0,5.0,0.0,5.0,5.0,99000000.0,0.0,99000000.0,99000000.0
313807,443.0,118291183.0,85.0,142.0,2109.0,173990.0,231.0,0.0,24.8117647059,44.6530258447,1460.0,0.0,1225.2816901409,506.7217033312,1488.6908350557,1.9189934046,523412.314159292,5485217.21640088,58671670.0,1.0,118291183.0,1408228.36904762,8961177.30118912,58671670.0,3.0,118079554.0,837443.645390071,6948221.02671381,58879518.0,1.0,0.0,0.0,0.0,0.0,2852.0,0.7185658123,1.2004275923,0.0,1460.0,772.3640350877,707.412524083,500432.479229461,0.0,0.0,0.0,1.0,0.0,0.0,0.0,0.0,1.0,775.7665198238,24.8117647059,1225.2816901409,1712.0,0.0,0.0,0.0,0.0,0.0,0.0,85.0,2109.0,142.0,173990.0,8192.0,33.0,84.0,20.0,597233.0,550748.501303453,986671.0,207795.0,58442433.0,324190.074397721,58671670.0,58213196.0
46662,80.0,60072882.0,10.0,8.0,419.0,1767.0,419.0,0.0,41.9,132.499434,1767.0,0.0,220.875,624.7288412,36.38913146,0.299636032,3533698.941,4911439.421,10000000.0,26.0,60100000.0,6674764.667,4994677.831,10000000.0,96.0,50200000.0,7178155.143,4895321.852,10000000.0,978.0,0.0,0.0,0.0,0.0,264.0,0.166464462,0.13317157,0.0,1767.0,115.0526316,411.3895793,169241.386,0.0,0.0,0.0,1.0,0.0,0.0,0.0,0.0,0.0,121.4444444,41.9,220.875,328.0,0.0,0.0,0.0,0.0,0.0,0.0,10.0,419.0,8.0,1767.0,29200.0,939.0,1.0,32.0,28037.0,10925.65026,47580.0,22997.0,10000000.0,7723.358305,10000000.0,10000000.0
17522,53.0,206.0,2.0,2.0,64.0,96.0,32.0,32.0,32.0,0.0,48.0,48.0,48.0,0.0,776699.029126214,19417.4757281553,68.6666666667,78.0790198026,155.0,3.0,48.0,48.0,0.0,48.0,48.0,3.0,3.0,0.0,3.0,3.0,0.0,0.0,0.0,0.0,64.0,9708.7378640777,9708.7378640777,32.0,48.0,38.4,8.7635609201,76.8,0.0,0.0,0.0,0.0,0.0,0.0,0.0,0.0,1.0,48.0,32.0,48.0,64.0,0.0,0.0,0.0,0.0,0.0,0.0,2.0,64.0,2.0,96.0,-1.0,-1.0,1.0,32.0,0.0,0.0,0.0,0.0,0.0,0.0,0.0,0.0
732294,80.0,100711173.0,4.0,6.0,314.0,11595.0,308.0,0.0,78.5,153.0261416,7240.0,0.0,1932.5,2695.639126,118.2490447,0.099293849,11200000.0,33500000.0,101000000.0,32.0,101000000.0,33500000.0,58000000.0,101000000.0,1960.0,165421.0,33084.2,58957.9571,136168.0,70.0,0.0,0.0,0.0,0.0,200.0,0.03971754,0.059576309,0.0,7240.0,1083.181818,2143.093877,4592851.364,1.0,0.0,0.0,0.0,0.0,0.0,0.0,0.0,1.0,1191.5,78.5,1932.5,124.0,0.0,0.0,0.0,0.0,0.0,0.0,4.0,314.0,6.0,11595.0,0.0,235.0,1.0,20.0,0.0,0.0,0.0,0.0,101000000.0,0.0,101000000.0,101000000.0
81937,80.0,84959741.0,6.0,6.0,346.0,11595.0,346.0,0.0,57.66666667,141.2539085,5792.0,0.0,1932.5,2362.781391,140.5489219,0.141243368,7723612.818,25600000.0,84800000.0,1.0,84800000.0,17000000.0,37900000.0,84800000.0,1.0,139043.0,27808.6,55890.07301,127434.0,187.0,0.0,0.0,0.0,0.0,200.0,0.070621684,0.070621684,0.0,5792.0,918.5384615,1813.662621,3289372.103,0.0,0.0,0.0,0.0,1.0,0.0,0.0,0.0,1.0,995.0833333,57.66666667,1932.5,200.0,0.0,0.0,0.0,0.0,0.0,0.0,6.0,346.0,6.0,11595.0,274.0,235.0,1.0,32.0,3.0,0.0,3.0,3.0,84800000.0,0.0,84800000.0,84800000.0
325503,53.0,200435.0,2.0,2.0,68.0,422.0,34.0,34.0,34.0,0.0,211.0,211.0,211.0,0.0,2444.682815,19.95659441,66811.66667,115677.0361,200384.0,3.0,3.0,3.0,0.0,3.0,3.0,48.0,48.0,0.0,48.0,48.0,0.0,0.0,0.0,0.0,80.0,9.978297204,9.978297204,34.0,211.0,104.8,96.94689268,9398.7,0.0,0.0,0.0,0.0,0.0,0.0,0.0,0.0,1.0,131.0,34.0,211.0,64.0,0.0,0.0,0.0,0.0,0.0,0.0,2.0,68.0,2.0,422.0,-1.0,-1.0,1.0,32.0,0.0,0.0,0.0,0.0,0.0,0.0,0.0,0.0
480916,53.0,165.0,2.0,2.0,68.0,164.0,34.0,34.0,34.0,0.0,82.0,82.0,82.0,0.0,1406060.606,24242.42424,55.0,89.20201791,158.0,3.0,4.0,4.0,0.0,4.0,4.0,3.0,3.0,0.0,3.0,3.0,0.0,0.0,0.0,0.0,80.0,12121.21212,12121.21212,34.0,82.0,53.2,26.29068276,691.2,0.0,0.0,0.0,0.0,0.0,0.0,0.0,0.0,1.0,66.5,34.0,82.0,80.0,0.0,0.0,0.0,0.0,0.0,0.0,2.0,68.0,2.0,164.0,-1.0,-1.0,1.0,40.0,0.0,0.0,0.0,0.0,0.0,0.0,0.0,0.0
555352,64812.0,3.0,2.0,0.0,37.0,0.0,37.0,0.0,18.5,26.1629509039,0.0,0.0,0.0,0.0,12333333.3333333,666666.666666667,3.0,0.0,3.0,3.0,3.0,3.0,0.0,3.0,3.0,0.0,0.0,0.0,0.0,0.0,1.0,0.0,0.0,0.0,0.0,666666.666666667,0.0,0.0,37.0,24.6666666667,21.36195996,456.3333333333,0.0,1.0,0.0,0.0,1.0,0.0,0.0,0.0,0.0,37.0,18.5,0.0,64.0,0.0,0.0,0.0,0.0,0.0,0.0,2.0,37.0,0.0,0.0,972.0,-1.0,0.0,32.0,0.0,0.0,0.0,0.0,0.0,0.0,0.0,0.0
269296,80.0,115233522.0,16.0,14.0,446.0,979.0,446.0,0.0,27.875,111.5,979.0,0.0,69.9285714286,261.6487558323,12.3661932333,0.2603409102,3973569.72413793,4981820.64216558,10217992.0,17.0,115233522.0,7682234.8,4409368.09443707,10240012.0,103.0,112537983.0,8656767.92307692,3834198.14204077,10240209.0,13614.0,0.0,0.0,0.0,0.0,456.0,0.1388484854,0.1214924247,0.0,979.0,45.9677419355,190.7749955438,36395.0989247312,0.0,0.0,0.0,1.0,0.0,0.0,0.0,0.0,0.0,47.5,27.875,69.9285714286,520.0,0.0,0.0,0.0,0.0,0.0,0.0,16.0,446.0,14.0,979.0,29200.0,118.0,1.0,32.0,25397.0,10882.5722694591,58208.0,22009.0,10205333.4545455,41635.8346676602,10217992.0,10079797.0
155516,50326.0,59.0,2.0,1.0,0.0,0.0,0.0,0.0,0.0,0.0,0.0,0.0,0.0,0.0,0.0,50847.45763,29.5,36.06244584,55.0,4.0,4.0,4.0,0.0,4.0,4.0,0.0,0.0,0.0,0.0,0.0,0.0,0.0,0.0,0.0,32.0,33898.30508,16949.15254,0.0,0.0,0.0,0.0,0.0,0.0,0.0,0.0,0.0,1.0,1.0,0.0,0.0,0.0,0.0,0.0,0.0,64.0,0.0,0.0,0.0,0.0,0.0,0.0,2.0,0.0,1.0,0.0,349.0,65535.0,0.0,32.0,0.0,0.0,0.0,0.0,0.0,0.0,0.0,0.0
666096,13872.0,84.0,1.0,1.0,6.0,6.0,6.0,6.0,6.0,0.0,6.0,6.0,6.0,0.0,142857.1429,23809.52381,84.0,0.0,84.0,84.0,0.0,0.0,0.0,0.0,0.0,0.0,0.0,0.0,0.0,0.0,0.0,0.0,0.0,0.0,20.0,11904.7619,11904.7619,6.0,6.0,6.0,0.0,0.0,0.0,0.0,0.0,0.0,1.0,1.0,0.0,0.0,1.0,9.0,6.0,6.0,20.0,0.0,0.0,0.0,0.0,0.0,0.0,1.0,6.0,1.0,6.0,913.0,256.0,0.0,20.0,0.0,0.0,0.0,0.0,0.0,0.0,0.0,0.0
514277,53.0,23991.0,2.0,2.0,66.0,98.0,33.0,33.0,33.0,0.0,49.0,49.0,49.0,0.0,6835.896795,166.7291901,7997.0,13846.01416,23985.0,3.0,3.0,3.0,0.0,3.0,3.0,3.0,3.0,0.0,3.0,3.0,0.0,0.0,0.0,0.0,64.0,83.36459506,83.36459506,33.0,49.0,39.4,8.76356092,76.8,0.0,0.0,0.0,0.0,0.0,0.0,0.0,0.0,1.0,49.25,33.0,49.0,64.0,0.0,0.0,0.0,0.0,0.0,0.0,2.0,66.0,2.0,98.0,-1.0,-1.0,1.0,32.0,0.0,0.0,0.0,0.0,0.0,0.0,0.0,0.0
532952,4287.0,127.0,1.0,1.0,6.0,6.0,6.0,6.0,6.0,0.0,6.0,6.0,6.0,0.0,94488.18898,15748.0315,127.0,0.0,127.0,127.0,0.0,0.0,0.0,0.0,0.0,0.0,0.0,0.0,0.0,0.0,0.0,0.0,0.0,0.0,20.0,7874.015748,7874.015748,6.0,6.0,6.0,0.0,0.0,0.0,0.0,0.0,0.0,1.0,1.0,0.0,0.0,1.0,9.0,6.0,6.0,20.0,0.0,0.0,0.0,0.0,0.0,0.0,1.0,6.0,1.0,6.0,29200.0,64240.0,0.0,20.0,0.0,0.0,0.0,0.0,0.0,0.0,0.0,0.0
219202,443.0,15775284.0,11.0,11.0,994.0,6530.0,631.0,0.0,90.3636363636,190.392369977,1460.0,0.0,593.6363636364,682.6582267471,476.9486241896,1.3945866204,751204.0,2394603.22704485,9899627.0,45.0,15775284.0,1577528.4,3370619.66182561,9899627.0,661.0,15721737.0,1572173.7,3419663.61489005,10071783.0,48.0,0.0,0.0,0.0,0.0,244.0,0.6972933102,0.6972933102,0.0,1460.0,327.1304347826,544.7122930625,296711.482213439,0.0,0.0,0.0,1.0,0.0,0.0,0.0,0.0,1.0,342.0,90.3636363636,593.6363636364,232.0,0.0,0.0,0.0,0.0,0.0,0.0,11.0,994.0,11.0,6530.0,8192.0,115.0,10.0,20.0,268698.0,305129.304004057,484457.0,52939.0,7618765.0,3225625.97430142,9899627.0,5337903.0
439009,80.0,1861219.0,2.0,6.0,20.0,11607.0,20.0,0.0,10.0,14.14213562,4380.0,0.0,1934.5,2177.344966,6246.981145,4.298258292,265888.4286,703083.1388,1860331.0,3.0,764.0,764.0,0.0,764.0,764.0,1861203.0,372240.6,831867.892,1860331.0,3.0,0.0,0.0,0.0,0.0,132.0,1.074564573,3.223693719,0.0,4380.0,1291.888889,1972.862923,3892188.111,0.0,0.0,0.0,1.0,0.0,0.0,0.0,0.0,3.0,1453.375,10.0,1934.5,52.0,0.0,0.0,0.0,0.0,0.0,0.0,2.0,20.0,6.0,11607.0,8192.0,229.0,1.0,20.0,0.0,0.0,0.0,0.0,0.0,0.0,0.0,0.0
93604,3260.0,80.0,1.0,1.0,0.0,6.0,0.0,0.0,0.0,0.0,6.0,6.0,6.0,0.0,75000.0,25000.0,80.0,0.0,80.0,80.0,0.0,0.0,0.0,0.0,0.0,0.0,0.0,0.0,0.0,0.0,0.0,0.0,0.0,0.0,20.0,12500.0,12500.0,0.0,6.0,2.0,3.464101615,12.0,0.0,0.0,0.0,1.0,0.0,0.0,0.0,0.0,1.0,3.0,0.0,6.0,40.0,0.0,0.0,0.0,0.0,0.0,0.0,1.0,0.0,1.0,6.0,29200.0,0.0,0.0,40.0,0.0,0.0,0.0,0.0,0.0,0.0,0.0,0.0
468975,80.0,100614.0,3.0,4.0,431.0,2267.0,431.0,0.0,143.6666666667,248.8379660207,2267.0,0.0,566.75,1133.5,26815.3537281094,69.5728228676,16769.0,18598.8107791869,40998.0,4.0,70444.0,35222.0,8168.497536267,40998.0,29446.0,71197.0,23732.3333333333,40524.9980176845,70525.0,4.0,0.0,0.0,0.0,0.0,136.0,29.8169240861,39.7558987815,0.0,2267.0,337.25,794.1886695598,630735.642857143,0.0,0.0,0.0,1.0,0.0,0.0,0.0,0.0,1.0,385.4285714286,143.6666666667,566.75,104.0,0.0,0.0,0.0,0.0,0.0,0.0,3.0,431.0,4.0,2267.0,29200.0,235.0,1.0,32.0,0.0,0.0,0.0,0.0,0.0,0.0,0.0,0.0
490532,443.0,90825558.0,8.0,8.0,768.0,325.0,411.0,6.0,96.0,142.4529998,96.0,6.0,40.625,33.37637103,12.03405764,0.176161868,6055037.2,16700000.0,58500000.0,0.0,90800000.0,13000000.0,23400000.0,58600000.0,18.0,90700000.0,13000000.0,23400000.0,58500000.0,0.0,1.0,0.0,0.0,0.0,160.0,0.088080934,0.088080934,6.0,411.0,67.0,100.8036458,10161.375,0.0,1.0,0.0,0.0,1.0,0.0,0.0,0.0,1.0,71.1875,96.0,40.625,160.0,0.0,0.0,0.0,0.0,0.0,0.0,8.0,768.0,8.0,325.0,258.0,377.0,7.0,20.0,110177.0,23531.09946,126816.0,93538.0,45300000.0,18700000.0,58500000.0,32000000.0
289228,389.0,364402.0,14.0,12.0,4104.0,1020.0,1660.0,0.0,293.1428571,583.9948442,210.0,0.0,85.0,91.22200691,14061.39374,71.34977305,14576.08,62666.71212,311449.0,1.0,364352.0,28027.07692,86296.72806,311449.0,1.0,364245.0,33113.18182,109185.5641,362319.0,1.0,0.0,0.0,0.0,0.0,264.0,38.41910857,32.93066449,0.0,1660.0,189.7777778,431.5679226,186250.8718,0.0,0.0,0.0,1.0,0.0,0.0,0.0,0.0,0.0,197.0769231,293.1428571,85.0,304.0,0.0,0.0,0.0,0.0,0.0,0.0,14.0,4104.0,12.0,1020.0,8192.0,0.0,8.0,20.0,0.0,0.0,0.0,0.0,0.0,0.0,0.0,0.0
193452,53.0,23107.0,1.0,1.0,47.0,79.0,47.0,47.0,47.0,0.0,79.0,79.0,79.0,0.0,5452.893063,86.55385814,23107.0,0.0,23107.0,23107.0,0.0,0.0,0.0,0.0,0.0,0.0,0.0,0.0,0.0,0.0,0.0,0.0,0.0,0.0,20.0,43.27692907,43.27692907,47.0,79.0,57.66666667,18.47520861,341.3333333,0.0,0.0,0.0,0.0,0.0,0.0,0.0,0.0,1.0,86.5,47.0,79.0,20.0,0.0,0.0,0.0,0.0,0.0,0.0,1.0,47.0,1.0,79.0,-1.0,-1.0,0.0,20.0,0.0,0.0,0.0,0.0,0.0,0.0,0.0,0.0
275260,53.0,207.0,2.0,2.0,64.0,204.0,32.0,32.0,32.0,0.0,102.0,102.0,102.0,0.0,1294685.99,19323.6715,69.0,115.1824639,202.0,2.0,3.0,3.0,0.0,3.0,3.0,2.0,2.0,0.0,2.0,2.0,0.0,0.0,0.0,0.0,64.0,9661.835749,9661.835749,32.0,102.0,60.0,38.34057903,1470.0,0.0,0.0,0.0,0.0,0.0,0.0,0.0,0.0,1.0,75.0,32.0,102.0,64.0,0.0,0.0,0.0,0.0,0.0,0.0,2.0,64.0,2.0,204.0,-1.0,-1.0,1.0,32.0,0.0,0.0,0.0,0.0,0.0,0.0,0.0,0.0
16153,53.0,48149.0,2.0,2.0,76.0,140.0,38.0,38.0,38.0,0.0,70.0,70.0,70.0,0.0,4486.074477,83.07545328,16049.66667,27793.64196,48143.0,3.0,3.0,3.0,0.0,3.0,3.0,3.0,3.0,0.0,3.0,3.0,0.0,0.0,0.0,0.0,40.0,41.53772664,41.53772664,38.0,70.0,50.8,17.52712184,307.2,0.0,0.0,0.0,0.0,0.0,0.0,0.0,0.0,1.0,63.5,38.0,70.0,40.0,0.0,0.0,0.0,0.0,0.0,0.0,2.0,76.0,2.0,140.0,-1.0,-1.0,1.0,20.0,0.0,0.0,0.0,0.0,0.0,0.0,0.0,0.0
702221,80.0,117758.0,1.0,1.0,0.0,0.0,0.0,0.0,0.0,0.0,0.0,0.0,0.0,0.0,0.0,16.983984103,117758.0,0.0,117758.0,117758.0,0.0,0.0,0.0,0.0,0.0,0.0,0.0,0.0,0.0,0.0,0.0,0.0,0.0,0.0,32.0,8.4919920515,8.4919920515,0.0,0.0,0.0,0.0,0.0,0.0,0.0,0.0,0.0,1.0,1.0,0.0,0.0,1.0,0.0,0.0,0.0,32.0,0.0,0.0,0.0,0.0,0.0,0.0,1.0,0.0,1.0,0.0,229.0,227.0,0.0,32.0,0.0,0.0,0.0,0.0,0.0,0.0,0.0,0.0
205579,43188.0,4.0,2.0,0.0,31.0,0.0,31.0,0.0,15.5,21.92031022,0.0,0.0,0.0,0.0,7750000.0,500000.0,4.0,0.0,4.0,4.0,4.0,4.0,0.0,4.0,4.0,0.0,0.0,0.0,0.0,0.0,1.0,0.0,0.0,0.0,0.0,500000.0,0.0,0.0,31.0,20.66666667,17.89785834,320.3333333,0.0,1.0,0.0,0.0,1.0,0.0,0.0,0.0,0.0,31.0,15.5,0.0,64.0,0.0,0.0,0.0,0.0,0.0,0.0,2.0,31.0,0.0,0.0,1120.0,-1.0,0.0,32.0,0.0,0.0,0.0,0.0,0.0,0.0,0.0,0.0
258784,443.0,116052225.0,47.0,63.0,1154.0,81870.0,410.0,0.0,24.55319149,87.01469354,2896.0,0.0,1299.52381,878.4310034,715.4020528,0.947849126,1064699.312,3085313.591,10200000.0,2.0,116000000.0,2522874.457,4381355.572,10200000.0,44.0,113000000.0,1815603.016,3928459.874,10200000.0,2.0,0.0,0.0,0.0,0.0,2024.0,0.404990081,0.542859045,0.0,2896.0,747.963964,917.0675788,841012.9441,0.0,0.0,0.0,1.0,0.0,0.0,0.0,0.0,1.0,754.7636364,24.55319149,1299.52381,1512.0,0.0,0.0,0.0,0.0,0.0,0.0,47.0,1154.0,63.0,81870.0,29200.0,1006.0,5.0,32.0,55245.72727,104864.1801,371423.0,23478.0,10200000.0,87468.66693,10200000.0,9960005.0
460564,1801.0,67.0,1.0,1.0,0.0,6.0,0.0,0.0,0.0,0.0,6.0,6.0,6.0,0.0,89552.23881,29850.74627,67.0,0.0,67.0,67.0,0.0,0.0,0.0,0.0,0.0,0.0,0.0,0.0,0.0,0.0,0.0,0.0,0.0,0.0,20.0,14925.37313,14925.37313,0.0,6.0,2.0,3.464101615,12.0,0.0,0.0,0.0,1.0,0.0,0.0,0.0,0.0,1.0,3.0,0.0,6.0,40.0,0.0,0.0,0.0,0.0,0.0,0.0,1.0,0.0,1.0,6.0,29200.0,0.0,0.0,40.0,0.0,0.0,0.0,0.0,0.0,0.0,0.0,0.0
48991,53.0,44848.0,2.0,2.0,90.0,172.0,45.0,45.0,45.0,0.0,86.0,86.0,86.0,0.0,5841.955048,89.19015341,14949.33333,25847.98178,44796.0,3.0,3.0,3.0,0.0,3.0,3.0,49.0,49.0,0.0,49.0,49.0,0.0,0.0,0.0,0.0,64.0,44.5950767,44.5950767,45.0,86.0,61.4,22.45662486,504.3,0.0,0.0,0.0,0.0,0.0,0.0,0.0,0.0,1.0,76.75,45.0,86.0,64.0,0.0,0.0,0.0,0.0,0.0,0.0,2.0,90.0,2.0,172.0,-1.0,-1.0,1.0,32.0,0.0,0.0,0.0,0.0,0.0,0.0,0.0,0.0
720786,443.0,15432497.0,15.0,16.0,1101.0,13915.0,754.0,0.0,73.4,197.8765127187,1448.0,0.0,869.6875,677.6989222115,973.0116908495,2.008748163,514416.566666667,1977701.21025138,9996266.0,1.0,10664060.0,761718.571428571,2658810.77862065,9996266.0,1.0,15283227.0,1018881.8,2787367.98242029,10145623.0,1.0,0.0,0.0,0.0,0.0,520.0,0.9719749176,1.0367732454,0.0,1448.0,469.25,636.8664720534,405598.903225806,0.0,0.0,0.0,1.0,0.0,0.0,0.0,0.0,1.0,484.3870967742,73.4,869.6875,488.0,0.0,0.0,0.0,0.0,0.0,0.0,15.0,1101.0,16.0,13915.0,29200.0,64.0,3.0,32.0,667794.0,0.0,667794.0,667794.0,9996266.0,0.0,9996266.0,9996266.0
94918,443.0,404056.0,10.0,6.0,720.0,1151.0,469.0,0.0,72.0,147.7084214856,1013.0,0.0,191.8333333333,406.057344062,4630.5462609143,39.598471499,26937.0666666667,36260.1577383431,87718.0,48.0,404056.0,44895.1111111111,61202.6071226636,172276.0,48.0,263940.0,52788.0,37403.1080192542,89449.0,236.0,0.0,0.0,0.0,0.0,200.0,24.7490446869,14.8494268121,0.0,1013.0,110.0588235294,260.7073240696,67968.3088235294,0.0,0.0,0.0,1.0,0.0,0.0,0.0,0.0,0.0,116.9375,72.0,191.8333333333,332.0,0.0,0.0,0.0,0.0,0.0,0.0,10.0,720.0,6.0,1151.0,65535.0,114.0,5.0,32.0,0.0,0.0,0.0,0.0,0.0,0.0,0.0,0.0
698707,3268.0,79.0,3.0,0.0,114.0,0.0,57.0,0.0,38.0,32.90896534,0.0,0.0,0.0,0.0,1443037.975,37974.68354,39.5,51.61879503,76.0,3.0,79.0,39.5,51.61879503,76.0,3.0,0.0,0.0,0.0,0.0,0.0,1.0,0.0,0.0,0.0,0.0,37974.68354,0.0,0.0,57.0,42.75,28.5,812.25,0.0,1.0,0.0,0.0,1.0,0.0,0.0,0.0,0.0,57.0,38.0,0.0,96.0,0.0,0.0,0.0,0.0,0.0,0.0,3.0,114.0,0.0,0.0,548.0,-1.0,1.0,32.0,0.0,0.0,0.0,0.0,0.0,0.0,0.0,0.0
511536,53.0,256.0,2.0,2.0,72.0,270.0,36.0,36.0,36.0,0.0,135.0,135.0,135.0,0.0,1335937.5,15625.0,85.33333333,108.6937594,208.0,1.0,1.0,1.0,0.0,1.0,1.0,47.0,47.0,0.0,47.0,47.0,0.0,0.0,0.0,0.0,64.0,7812.5,7812.5,36.0,135.0,75.6,54.22453319,2940.3,0.0,0.0,0.0,0.0,0.0,0.0,0.0,0.0,1.0,94.5,36.0,135.0,64.0,0.0,0.0,0.0,0.0,0.0,0.0,2.0,72.0,2.0,270.0,-1.0,-1.0,1.0,32.0,0.0,0.0,0.0,0.0,0.0,0.0,0.0,0.0
51000,53.0,195.0,2.0,2.0,80.0,294.0,40.0,40.0,40.0,0.0,147.0,147.0,147.0,0.0,1917948.718,20512.82051,65.0,71.3582511,143.0,3.0,3.0,3.0,0.0,3.0,3.0,49.0,49.0,0.0,49.0,49.0,0.0,0.0,0.0,0.0,40.0,10256.41026,10256.41026,40.0,147.0,82.8,58.60631365,3434.7,0.0,0.0,0.0,0.0,0.0,0.0,0.0,0.0,1.0,103.5,40.0,147.0,40.0,0.0,0.0,0.0,0.0,0.0,0.0,2.0,80.0,2.0,294.0,-1.0,-1.0,1.0,20.0,0.0,0.0,0.0,0.0,0.0,0.0,0.0,0.0
609417,53.0,2250268.0,2.0,2.0,92.0,250.0,51.0,41.0,46.0,7.071067812,183.0,67.0,125.0,82.02438662,151.9818973,1.77756605,750089.3333,1060085.45,1971038.0,63823.0,2034861.0,2034861.0,0.0,2034861.0,2034861.0,2186445.0,2186445.0,0.0,2186445.0,2186445.0,0.0,0.0,0.0,0.0,52.0,0.888783025,0.888783025,41.0,183.0,78.6,59.0999154,3492.8,0.0,0.0,0.0,0.0,0.0,0.0,0.0,0.0,1.0,98.25,46.0,125.0,64.0,0.0,0.0,0.0,0.0,0.0,0.0,2.0,92.0,2.0,250.0,-1.0,-1.0,1.0,32.0,0.0,0.0,0.0,0.0,0.0,0.0,0.0,0.0
357746,53.0,225.0,2.0,2.0,70.0,262.0,35.0,35.0,35.0,0.0,131.0,131.0,131.0,0.0,1475555.55555556,17777.7777777778,75.0,124.707658145,219.0,3.0,3.0,3.0,0.0,3.0,3.0,3.0,3.0,0.0,3.0,3.0,0.0,0.0,0.0,0.0,64.0,8888.8888888889,8888.8888888889,35.0,131.0,73.4,52.5813655205,2764.8,0.0,0.0,0.0,0.0,0.0,0.0,0.0,0.0,1.0,91.75,35.0,131.0,64.0,0.0,0.0,0.0,0.0,0.0,0.0,2.0,70.0,2.0,262.0,-1.0,-1.0,1.0,32.0,0.0,0.0,0.0,0.0,0.0,0.0,0.0,0.0
728906,53.0,67092.0,2.0,2.0,86.0,214.0,43.0,43.0,43.0,0.0,107.0,107.0,107.0,0.0,4471.4720085852,59.6196267811,22364.0,38730.3881209574,67086.0,2.0,2.0,2.0,0.0,2.0,2.0,4.0,4.0,0.0,4.0,4.0,0.0,0.0,0.0,0.0,64.0,29.8098133906,29.8098133906,43.0,107.0,68.6,35.0542436803,1228.8,0.0,0.0,0.0,0.0,0.0,0.0,0.0,0.0,1.0,85.75,43.0,107.0,64.0,0.0,0.0,0.0,0.0,0.0,0.0,2.0,86.0,2.0,214.0,-1.0,-1.0,1.0,32.0,0.0,0.0,0.0,0.0,0.0,0.0,0.0,0.0
538248,7911.0,43.0,1.0,1.0,0.0,6.0,0.0,0.0,0.0,0.0,6.0,6.0,6.0,0.0,139534.8837,46511.62791,43.0,0.0,43.0,43.0,0.0,0.0,0.0,0.0,0.0,0.0,0.0,0.0,0.0,0.0,0.0,0.0,0.0,0.0,20.0,23255.81395,23255.81395,0.0,6.0,2.0,3.464101615,12.0,0.0,0.0,0.0,1.0,0.0,0.0,0.0,0.0,1.0,3.0,0.0,6.0,40.0,0.0,0.0,0.0,0.0,0.0,0.0,1.0,0.0,1.0,6.0,29200.0,0.0,0.0,40.0,0.0,0.0,0.0,0.0,0.0,0.0,0.0,0.0
346953,80.0,97705241.0,4.0,5.0,329.0,11595.0,323.0,0.0,82.25,160.5249202,5792.0,0.0,2319.0,2423.629716,122.0405362,0.092113789,12200000.0,34500000.0,97700000.0,47.0,97700000.0,32600000.0,56400000.0,97700000.0,47.0,6688.0,1672.0,2979.390654,6133.0,47.0,0.0,0.0,0.0,0.0,168.0,0.040939462,0.051174327,0.0,5792.0,1193.0,2007.116229,4028515.556,1.0,0.0,0.0,0.0,0.0,0.0,0.0,0.0,1.0,1325.555556,82.25,2319.0,124.0,0.0,0.0,0.0,0.0,0.0,0.0,4.0,329.0,5.0,11595.0,0.0,235.0,1.0,20.0,0.0,0.0,0.0,0.0,97700000.0,0.0,97700000.0,97700000.0
436156,53463.0,102.0,1.0,1.0,0.0,0.0,0.0,0.0,0.0,0.0,0.0,0.0,0.0,0.0,0.0,19607.84314,102.0,0.0,102.0,102.0,0.0,0.0,0.0,0.0,0.0,0.0,0.0,0.0,0.0,0.0,0.0,0.0,0.0,0.0,20.0,9803.921569,9803.921569,0.0,0.0,0.0,0.0,0.0,0.0,0.0,0.0,0.0,1.0,1.0,0.0,0.0,1.0,0.0,0.0,0.0,20.0,0.0,0.0,0.0,0.0,0.0,0.0,1.0,0.0,1.0,0.0,913.0,256.0,0.0,20.0,0.0,0.0,0.0,0.0,0.0,0.0,0.0,0.0
184752,80.0,86.0,2.0,0.0,0.0,0.0,0.0,0.0,0.0,0.0,0.0,0.0,0.0,0.0,0.0,23255.81395,86.0,0.0,86.0,86.0,86.0,86.0,0.0,86.0,86.0,0.0,0.0,0.0,0.0,0.0,0.0,0.0,0.0,0.0,0.0,23255.81395,0.0,0.0,0.0,0.0,0.0,0.0,0.0,0.0,0.0,0.0,1.0,0.0,0.0,0.0,0.0,0.0,0.0,0.0,40.0,0.0,0.0,0.0,0.0,0.0,0.0,2.0,0.0,0.0,0.0,16314.0,-1.0,0.0,20.0,0.0,0.0,0.0,0.0,0.0,0.0,0.0,0.0
566042,42467.0,3906682.0,1.0,5.0,1375.0,24.0,1375.0,1375.0,1375.0,0.0,6.0,0.0,4.8,2.683281573,358.1043965,1.535830149,781336.4,1728776.304,3873819.0,1.0,0.0,0.0,0.0,0.0,0.0,3896938.0,974234.5,1933087.039,3873819.0,1.0,1.0,0.0,0.0,0.0,112.0,0.255971692,1.279858458,0.0,1375.0,396.2857143,668.5927296,447016.2381,0.0,1.0,0.0,0.0,1.0,1.0,0.0,0.0,5.0,462.3333333,1375.0,4.8,20.0,0.0,0.0,0.0,0.0,0.0,0.0,1.0,1375.0,5.0,24.0,229.0,0.0,0.0,20.0,0.0,0.0,0.0,0.0,0.0,0.0,0.0,0.0
198214,80.0,84766072.0,6.0,6.0,355.0,11595.0,355.0,0.0,59.16666667,144.9281431,5792.0,0.0,1932.5,2181.008184,140.9762151,0.141566074,7706006.545,25500000.0,84600000.0,1.0,84600000.0,16900000.0,37800000.0,84600000.0,1.0,149483.0,29896.6,59159.79102,135174.0,46.0,0.0,0.0,0.0,0.0,200.0,0.070783037,0.070783037,0.0,5792.0,919.2307692,1715.919052,2944378.192,0.0,0.0,0.0,0.0,1.0,0.0,0.0,0.0,1.0,995.8333333,59.16666667,1932.5,200.0,0.0,0.0,0.0,0.0,0.0,0.0,6.0,355.0,6.0,11595.0,274.0,235.0,1.0,32.0,2.0,0.0,2.0,2.0,84600000.0,0.0,84600000.0,84600000.0
350778,53.0,165.0,2.0,2.0,86.0,198.0,43.0,43.0,43.0,0.0,99.0,99.0,99.0,0.0,1721212.121,24242.42424,55.0,89.20201791,158.0,3.0,4.0,4.0,0.0,4.0,4.0,3.0,3.0,0.0,3.0,3.0,0.0,0.0,0.0,0.0,64.0,12121.21212,12121.21212,43.0,99.0,65.4,30.67246322,940.8,0.0,0.0,0.0,0.0,0.0,0.0,0.0,0.0,1.0,81.75,43.0,99.0,64.0,0.0,0.0,0.0,0.0,0.0,0.0,2.0,86.0,2.0,198.0,-1.0,-1.0,1.0,32.0,0.0,0.0,0.0,0.0,0.0,0.0,0.0,0.0
483503,80.0,1213.0,2.0,0.0,0.0,0.0,0.0,0.0,0.0,0.0,0.0,0.0,0.0,0.0,0.0,1648.804617,1213.0,0.0,1213.0,1213.0,1213.0,1213.0,0.0,1213.0,1213.0,0.0,0.0,0.0,0.0,0.0,0.0,0.0,0.0,0.0,0.0,1648.804617,0.0,0.0,0.0,0.0,0.0,0.0,0.0,0.0,0.0,0.0,1.0,0.0,0.0,0.0,0.0,0.0,0.0,0.0,64.0,0.0,0.0,0.0,0.0,0.0,0.0,2.0,0.0,0.0,0.0,264.0,-1.0,0.0,32.0,0.0,0.0,0.0,0.0,0.0,0.0,0.0,0.0
136210,53.0,1268518.0,1.0,1.0,42.0,124.0,42.0,42.0,42.0,0.0,124.0,124.0,124.0,0.0,130.8613674,1.57664298,1268518.0,0.0,1268518.0,1268518.0,0.0,0.0,0.0,0.0,0.0,0.0,0.0,0.0,0.0,0.0,0.0,0.0,0.0,0.0,20.0,0.78832149,0.78832149,42.0,124.0,69.33333333,47.34272207,2241.333333,0.0,0.0,0.0,0.0,0.0,0.0,0.0,0.0,1.0,104.0,42.0,124.0,20.0,0.0,0.0,0.0,0.0,0.0,0.0,1.0,42.0,1.0,124.0,-1.0,-1.0,0.0,20.0,0.0,0.0,0.0,0.0,0.0,0.0,0.0,0.0
671783,53.0,24165.0,2.0,2.0,94.0,256.0,47.0,47.0,47.0,0.0,128.0,128.0,128.0,0.0,14483.7575,165.5286571,8055.0,13947.33914,24160.0,2.0,2.0,2.0,0.0,2.0,2.0,3.0,3.0,0.0,3.0,3.0,0.0,0.0,0.0,0.0,64.0,82.76432857,82.76432857,47.0,128.0,79.4,44.36552716,1968.3,0.0,0.0,0.0,0.0,0.0,0.0,0.0,0.0,1.0,99.25,47.0,128.0,64.0,0.0,0.0,0.0,0.0,0.0,0.0,2.0,94.0,2.0,256.0,-1.0,-1.0,1.0,32.0,0.0,0.0,0.0,0.0,0.0,0.0,0.0,0.0
627455,53.0,60848.0,1.0,1.0,58.0,282.0,58.0,58.0,58.0,0.0,282.0,282.0,282.0,0.0,5587.693926,32.8687878,60848.0,0.0,60848.0,60848.0,0.0,0.0,0.0,0.0,0.0,0.0,0.0,0.0,0.0,0.0,0.0,0.0,0.0,0.0,20.0,16.4343939,16.4343939,58.0,282.0,132.6666667,129.3264603,16725.33333,0.0,0.0,0.0,0.0,0.0,0.0,0.0,0.0,1.0,199.0,58.0,282.0,40.0,0.0,0.0,0.0,0.0,0.0,0.0,1.0,58.0,1.0,282.0,-1.0,-1.0,0.0,40.0,0.0,0.0,0.0,0.0,0.0,0.0,0.0,0.0
249547,53.0,30904.0,2.0,2.0,148.0,312.0,74.0,74.0,74.0,0.0,156.0,156.0,156.0,0.0,14884.80456,129.4330831,10301.33333,17798.27965,30853.0,3.0,48.0,48.0,0.0,48.0,48.0,3.0,3.0,0.0,3.0,3.0,0.0,0.0,0.0,0.0,40.0,64.71654155,64.71654155,74.0,156.0,106.8,44.91324972,2017.2,0.0,0.0,0.0,0.0,0.0,0.0,0.0,0.0,1.0,133.5,74.0,156.0,40.0,0.0,0.0,0.0,0.0,0.0,0.0,2.0,148.0,2.0,312.0,-1.0,-1.0,1.0,20.0,0.0,0.0,0.0,0.0,0.0,0.0,0.0,0.0
665360,123.0,110.0,2.0,2.0,96.0,96.0,48.0,48.0,48.0,0.0,48.0,48.0,48.0,0.0,1745454.545,36363.63636,36.66666667,57.44852769,103.0,3.0,4.0,4.0,0.0,4.0,4.0,3.0,3.0,0.0,3.0,3.0,0.0,0.0,0.0,0.0,40.0,18181.81818,18181.81818,48.0,48.0,48.0,0.0,0.0,0.0,0.0,0.0,0.0,0.0,0.0,0.0,0.0,1.0,60.0,48.0,48.0,40.0,0.0,0.0,0.0,0.0,0.0,0.0,2.0,96.0,2.0,96.0,-1.0,-1.0,1.0,20.0,0.0,0.0,0.0,0.0,0.0,0.0,0.0,0.0
752687,443.0,62992621.0,333.0,801.0,7706.0,1616694.0,1193.0,0.0,23.14114114,160.791532,4344.0,0.0,2018.344569,813.8327031,25787.14735,18.00210853,55598.07679,714594.8791,10200000.0,1.0,53300000.0,160683.3795,1205026.537,10200000.0,3.0,63000000.0,78720.1575,851235.9244,10300000.0,1.0,0.0,0.0,0.0,0.0,25640.0,5.286333458,12.71577507,0.0,4344.0,1431.189427,1141.196737,1302329.991,0.0,0.0,0.0,1.0,0.0,0.0,0.0,0.0,2.0,1432.451499,23.14114114,2018.344569,11144.0,0.0,0.0,0.0,0.0,0.0,0.0,333.0,7706.0,801.0,1616694.0,29200.0,174.0,8.0,32.0,894721.4,1059272.997,2651843.0,15319.0,9774655.0,956107.3029,10200000.0,8065424.0
37680,80.0,430079.0,3.0,6.0,26.0,11607.0,20.0,0.0,8.666666667,10.26320288,4380.0,0.0,1934.5,2177.344966,27048.51899,20.92638794,53759.875,151751.3429,429325.0,2.0,633.0,316.5,395.2726907,596.0,37.0,430049.0,86009.8,191919.2279,429325.0,2.0,0.0,0.0,0.0,0.0,132.0,6.975462648,13.9509253,0.0,4380.0,1163.3,1903.962654,3625073.789,0.0,0.0,0.0,1.0,0.0,0.0,0.0,0.0,2.0,1292.555556,8.666666667,1934.5,72.0,0.0,0.0,0.0,0.0,0.0,0.0,3.0,26.0,6.0,11607.0,8192.0,229.0,2.0,20.0,0.0,0.0,0.0,0.0,0.0,0.0,0.0,0.0
